SSIP,SDFP,SDFB,SFE,RFIP
685,0.11823668860869552,6.384781184869558,685,0.0
